"areaCode","year","itemCode","areaHarvestedValue","areaHarvestedSymb","productionValue","productionSymb"
3,1961,430,0,"M",0,"M"
3,1962,430,0,"M",0,"M"
3,1963,430,0,"M",0,"M"
3,1964,430,0,"M",0,"M"
3,1965,430,0,"M",0,"M"
3,1966,430,0,"M",0,"M"
3,1967,430,0,"M",0,"M"
3,1968,430,0,"M",0,"M"
3,1969,430,0,"M",0,"M"
3,1970,430,0,"M",0,"M"
3,1971,430,0,"M",0,"M"
3,1972,430,0,"M",0,"M"
3,1973,430,0,"M",0,"M"
3,1974,430,0,"M",0,"M"
3,1975,430,0,"M",0,"M"
3,1976,430,0,"M",0,"M"
3,1977,430,0,"M",0,"M"
3,1978,430,0,"M",0,"M"
3,1979,430,0,"M",0,"M"
3,1980,430,0,"M",0,"M"
3,1981,430,0,"M",0,"M"
3,1982,430,0,"M",0,"M"
3,1983,430,0,"M",0,"M"
3,1984,430,0,"M",0,"M"
3,1985,430,0,"M",0,"M"
3,1986,430,0,"M",0,"M"
3,1987,430,0,"M",0,"M"
3,1988,430,0,"M",0,"M"
3,1989,430,0,"M",0,"M"
3,1990,430,500,"*",3900,"*"
3,1991,430,400,"*",3000,"*"
3,1992,430,600,"*",4600,"*"
3,1993,430,700,"*",5200,"*"
3,1994,430,800,"*",5900,"*"
3,1995,430,800,"*",5800,"*"
3,1996,430,600,"*",4800,"*"
3,1997,430,750,"*",6000,"*"
3,1998,430,750,"*",6000,"*"
3,1999,430,740,"*",5900,"*"
3,2000,430,780,"*",6200,"*"
3,2001,430,790,"*",6500,"*"
3,2002,430,780,"*",6700,"*"
3,2003,430,700," ",6000," "
3,2004,430,600," ",5300," "
3,2005,430,700," ",5800," "
3,2006,430,700,"*",10500,"*"
3,2007,430,800,"*",7400,"*"
3,2008,430,765,"E",8000,"F"
3,2009,430,801,"E",8159,"E"
3,2010,430,800,"F",8000,"F"
3,2011,430,792,"E",8153,"E"
12,1961,430,0,"M",0,"M"
12,1962,430,0,"M",0,"M"
12,1963,430,0,"M",0,"M"
12,1964,430,0,"M",0,"M"
12,1965,430,0,"M",0,"M"
12,1966,430,0,"M",0,"M"
12,1967,430,0,"M",0,"M"
12,1968,430,0,"M",0,"M"
12,1969,430,0,"M",0,"M"
12,1970,430,0,"M",0,"M"
12,1971,430,0,"M",0,"M"
12,1972,430,0,"M",0,"M"
12,1973,430,0,"M",0,"M"
12,1974,430,0,"M",0,"M"
12,1975,430,0,"M",0,"M"
12,1976,430,0,"M",0,"M"
12,1977,430,0,"M",0,"M"
12,1978,430,0,"M",0,"M"
12,1979,430,0,"M",0,"M"
12,1980,430,0,"M",0,"M"
12,1981,430,0,"M",0,"M"
12,1982,430,0,"M",0,"M"
12,1983,430,0,"M",0,"M"
12,1984,430,0,"M",0,"M"
12,1985,430,0,"M",0,"M"
12,1986,430,0,"M",0,"M"
12,1987,430,0,"M",0,"M"
12,1988,430,0,"M",0,"M"
12,1989,430,0,"M",0,"M"
12,1990,430,0,"M",0,"M"
12,1991,430,0,"M",0,"M"
12,1992,430,0,"M",0,"M"
12,1993,430,0,"M",0,"M"
12,1994,430,0,"M",0,"M"
12,1995,430,0,"M",0,"M"
12,1996,430,0,"M",0,"M"
12,1997,430,0,"M",0,"M"
12,1998,430,0,"M",0,"M"
12,1999,430,0,"M",0,"M"
12,2000,430,0,"M",0,"M"
12,2001,430,0,"M",0,"M"
12,2002,430,0,"M",0,"M"
12,2003,430,0,"M",0,"M"
12,2004,430,0,"M",0,"M"
12,2005,430,0,"M",0,"M"
12,2006,430,0,"M",0,"M"
12,2007,430,0,"M",0,"M"
12,2008,430,0,"M",0,"M"
12,2009,430,0,"M",0,"M"
12,2010,430,19," ",443," "
12,2011,430,19," ",449," "
13,1961,430,0,"M",0,"M"
13,1962,430,0,"M",0,"M"
13,1963,430,0,"M",0,"M"
13,1964,430,0,"M",0,"M"
13,1965,430,0,"M",0,"M"
13,1966,430,0,"M",0,"M"
13,1967,430,0,"M",0,"M"
13,1968,430,0,"M",0,"M"
13,1969,430,0,"M",0,"M"
13,1970,430,0,"M",0,"M"
13,1971,430,0,"M",0,"M"
13,1972,430,0,"M",0,"M"
13,1973,430,0,"M",0,"M"
13,1974,430,0,"M",0,"M"
13,1975,430,0,"M",0,"M"
13,1976,430,0,"M",0,"M"
13,1977,430,0,"M",0,"M"
13,1978,430,0,"M",0,"M"
13,1979,430,0,"M",0,"M"
13,1980,430,0,"M",0,"M"
13,1981,430,0,"M",0,"M"
13,1982,430,0,"M",0,"M"
13,1983,430,0,"M",0,"M"
13,1984,430,0,"M",0,"M"
13,1985,430,0,"M",0,"M"
13,1986,430,0,"M",0,"M"
13,1987,430,0,"M",0,"M"
13,1988,430,0,"M",0,"M"
13,1989,430,0,"M",0,"M"
13,1990,430,0,"M",0,"M"
13,1991,430,0,"M",0,"M"
13,1992,430,0,"M",0,"M"
13,1993,430,0,"M",0,"M"
13,1994,430,0,"M",0,"M"
13,1995,430,0,"M",0,"M"
13,1996,430,0,"M",0,"M"
13,1997,430,0,"M",0,"M"
13,1998,430,0,"M",0,"M"
13,1999,430,0,"M",0,"M"
13,2000,430,0,"M",0,"M"
13,2001,430,0,"M",0,"M"
13,2002,430,0,"M",0,"M"
13,2003,430,0,"M",0,"M"
13,2004,430,0,"M",0,"M"
13,2005,430,29," ",55," "
13,2006,430,58," ",1653," "
13,2007,430,35," ",895," "
13,2008,430,31," ",682," "
13,2009,430,28," ",540," "
13,2010,430,26,"E",498,"E"
13,2011,430,25,"E",511,"E"
14,1961,430,0," ",0," "
14,1962,430,0," ",0," "
14,1963,430,0," ",0," "
14,1964,430,0," ",0," "
14,1965,430,0," ",0," "
14,1966,430,0," ",0," "
14,1967,430,0," ",0," "
14,1968,430,0," ",0," "
14,1969,430,0," ",0," "
14,1970,430,0," ",0," "
14,1971,430,0," ",0," "
14,1972,430,0," ",0," "
14,1973,430,0," ",0," "
14,1974,430,0," ",0," "
14,1975,430,0," ",0," "
14,1976,430,0," ",0," "
14,1977,430,0," ",0," "
14,1978,430,0," ",0," "
14,1979,430,0," ",0," "
14,1980,430,0," ",0," "
14,1981,430,0," ",0," "
14,1982,430,0," ",0," "
14,1983,430,0," ",0," "
14,1984,430,0," ",0," "
14,1985,430,0," ",0," "
14,1986,430,10,"F",30,"F"
14,1987,430,12,"F",50,"F"
14,1988,430,25,"F",100,"F"
14,1989,430,32,"F",150,"F"
14,1990,430,40,"F",200,"F"
14,1991,430,65,"F",384," "
14,1992,430,50,"F",270," "
14,1993,430,140,"F",851," "
14,1994,430,50,"F",300," "
14,1995,430,70,"F",495," "
14,1996,430,65,"F",500,"F"
14,1997,430,75,"F",600,"F"
14,1998,430,85,"F",700,"F"
14,1999,430,95,"F",1100,"F"
14,2000,430,100,"F",1150,"F"
14,2001,430,105,"F",1200,"F"
14,2002,430,115," ",1289," "
14,2003,430,131," ",1466," "
14,2004,430,50,"F",570," "
14,2005,430,45,"F",495," "
14,2006,430,47,"F",525," "
14,2007,430,59,"F",658," "
14,2008,430,38,"F",424," "
14,2009,430,21,"F",245," "
14,2010,430,27,"F",303," "
14,2011,430,28,"F",312," "
23,1961,430,0,"M",0,"M"
23,1962,430,0,"M",0,"M"
23,1963,430,0,"M",0,"M"
23,1964,430,0,"M",0,"M"
23,1965,430,0,"M",0,"M"
23,1966,430,0,"M",0,"M"
23,1967,430,0,"M",0,"M"
23,1968,430,0,"M",0,"M"
23,1969,430,0,"M",0,"M"
23,1970,430,0,"M",0,"M"
23,1971,430,0,"M",0,"M"
23,1972,430,0,"M",0,"M"
23,1973,430,0,"M",0,"M"
23,1974,430,0,"M",0,"M"
23,1975,430,0,"M",0,"M"
23,1976,430,0,"M",0,"M"
23,1977,430,0,"M",0,"M"
23,1978,430,0,"M",0,"M"
23,1979,430,0,"M",0,"M"
23,1980,430,0,"M",0,"M"
23,1981,430,0,"M",0,"M"
23,1982,430,0,"M",0,"M"
23,1983,430,0,"M",0,"M"
23,1984,430,0,"M",0,"M"
23,1985,430,0,"M",0,"M"
23,1986,430,0,"M",0,"M"
23,1987,430,0,"M",0,"M"
23,1988,430,0,"M",0,"M"
23,1989,430,25," ",374," "
23,1990,430,3," ",7," "
23,1991,430,3," ",25,"F"
23,1992,430,6," ",67," "
23,1993,430,10," ",94," "
23,1994,430,10," ",18," "
23,1995,430,13,"E",55,"F"
23,1996,430,1," ",9," "
23,1997,430,2,"E",8,"F"
23,1998,430,3,"E",7," "
23,1999,430,7," ",40," "
23,2000,430,25," ",304," "
23,2001,430,23," ",192," "
23,2002,430,25,"F",249," "
23,2003,430,15,"F",108," "
23,2004,430,10,"F",51," "
23,2005,430,5,"F",16," "
23,2006,430,13," ",78," "
23,2007,430,6," ",22," "
23,2008,430,11," ",30," "
23,2009,430,10," ",29," "
23,2010,430,7,"E",30,"F"
23,2011,430,9,"E",30,"T"
26,1961,430,0,"M",0,"M"
26,1962,430,0,"M",0,"M"
26,1963,430,0,"M",0,"M"
26,1964,430,0,"M",0,"M"
26,1965,430,0,"M",0,"M"
26,1966,430,0,"M",0,"M"
26,1967,430,0,"M",0,"M"
26,1968,430,0,"M",0,"M"
26,1969,430,0,"M",0,"M"
26,1970,430,0,"M",0,"M"
26,1971,430,0,"M",0,"M"
26,1972,430,0,"M",0,"M"
26,1973,430,0,"M",0,"M"
26,1974,430,0,"M",0,"M"
26,1975,430,0,"M",0,"M"
26,1976,430,0,"M",0,"M"
26,1977,430,0,"M",0,"M"
26,1978,430,0,"M",0,"M"
26,1979,430,0,"M",0,"M"
26,1980,430,0,"M",0,"M"
26,1981,430,0,"M",0,"M"
26,1982,430,0,"M",0,"M"
26,1983,430,0,"M",0,"M"
26,1984,430,0,"M",0,"M"
26,1985,430,0,"M",0,"M"
26,1986,430,0,"M",0,"M"
26,1987,430,0,"M",0,"M"
26,1988,430,0,"M",0,"M"
26,1989,430,0,"M",0,"M"
26,1990,430,94,"*",75,"F"
26,1991,430,135,"*",108,"F"
26,1992,430,106,"*",85,"F"
26,1993,430,198,"*",158,"F"
26,1994,430,211,"*",169,"F"
26,1995,430,261,"*",209,"F"
26,1996,430,294,"*",235,"F"
26,1997,430,291,"*",233,"F"
26,1998,430,276,"*",221,"F"
26,1999,430,307,"*",245,"F"
26,2000,430,388,"*",310,"*"
26,2001,430,390,"*",312,"*"
26,2002,430,420,"*",336,"*"
26,2003,430,453,"*",363,"*"
26,2004,430,518," ",414," "
26,2005,430,474," ",379," "
26,2006,430,446,"F",357," "
26,2007,430,429,"F",343,"F"
26,2008,430,430,"F",340,"F"
26,2009,430,451,"E",398,"E"
26,2010,430,453,"E",351,"E"
26,2011,430,444,"E",391,"E"
32,1961,430,0,"M",0,"M"
32,1962,430,0,"M",0,"M"
32,1963,430,0,"M",0,"M"
32,1964,430,0,"M",0,"M"
32,1965,430,0,"M",0,"M"
32,1966,430,0,"M",0,"M"
32,1967,430,0,"M",0,"M"
32,1968,430,0,"M",0,"M"
32,1969,430,0,"M",0,"M"
32,1970,430,0,"M",0,"M"
32,1971,430,0,"M",0,"M"
32,1972,430,0,"M",0,"M"
32,1973,430,0,"M",0,"M"
32,1974,430,0,"M",0,"M"
32,1975,430,0,"M",0,"M"
32,1976,430,0,"M",0,"M"
32,1977,430,0,"M",0,"M"
32,1978,430,0,"M",0,"M"
32,1979,430,0,"M",0,"M"
32,1980,430,0,"M",0,"M"
32,1981,430,0,"M",0,"M"
32,1982,430,0,"M",0,"M"
32,1983,430,0,"M",0,"M"
32,1984,430,0,"M",0,"M"
32,1985,430,0,"M",0,"M"
32,1986,430,0,"M",0,"M"
32,1987,430,0,"M",0,"M"
32,1988,430,0,"M",0,"M"
32,1989,430,0,"M",0,"M"
32,1990,430,14000,"F",10000,"F"
32,1991,430,17000,"F",12000,"F"
32,1992,430,19000,"F",14000,"F"
32,1993,430,21000,"F",15000,"F"
32,1994,430,22000,"F",16000,"F"
32,1995,430,23000,"F",17000,"F"
32,1996,430,24000,"F",18000,"F"
32,1997,430,27000,"F",20000,"F"
32,1998,430,30000,"F",22286," "
32,1999,430,18755," ",32539," "
32,2000,430,18602," ",32539," "
32,2001,430,28230," ",33320," "
32,2002,430,32990," ",34120," "
32,2003,430,38553," ",34938," "
32,2004,430,45054," ",35777," "
32,2005,430,17445," ",34902," "
32,2006,430,19447," ",39519," "
32,2007,430,15019," ",40552," "
32,2008,430,15402," ",41585," "
32,2009,430,18622," ",47169," "
32,2010,430,24004," ",60384," "
32,2011,430,26127," ",63533," "
46,1961,430,0,"M",0,"M"
46,1962,430,0,"M",0,"M"
46,1963,430,0,"M",0,"M"
46,1964,430,0,"M",0,"M"
46,1965,430,0,"M",0,"M"
46,1966,430,0,"M",0,"M"
46,1967,430,0,"M",0,"M"
46,1968,430,0,"M",0,"M"
46,1969,430,0,"M",0,"M"
46,1970,430,0,"M",0,"M"
46,1971,430,0,"M",0,"M"
46,1972,430,0,"M",0,"M"
46,1973,430,0,"M",0,"M"
46,1974,430,0,"M",0,"M"
46,1975,430,0,"M",0,"M"
46,1976,430,0,"M",0,"M"
46,1977,430,0,"M",0,"M"
46,1978,430,0,"M",0,"M"
46,1979,430,0,"M",0,"M"
46,1980,430,0,"M",0,"M"
46,1981,430,0,"M",0,"M"
46,1982,430,0,"M",0,"M"
46,1983,430,0,"M",0,"M"
46,1984,430,0,"M",0,"M"
46,1985,430,0,"M",0,"M"
46,1986,430,0,"M",0,"M"
46,1987,430,0,"M",0,"M"
46,1988,430,0,"M",0,"M"
46,1989,430,0,"M",0,"M"
46,1990,430,100,"F",300,"F"
46,1991,430,102,"E",304,"E"
46,1992,430,121,"E",310,"E"
46,1993,430,115,"F",350,"F"
46,1994,430,130,"F",400,"F"
46,1995,430,150,"F",450,"F"
46,1996,430,165,"F",500,"F"
46,1997,430,185,"F",550,"F"
46,1998,430,200,"F",600,"F"
46,1999,430,215,"F",650,"F"
46,2000,430,230,"F",700,"F"
46,2001,430,250,"F",750,"F"
46,2002,430,265,"F",800,"F"
46,2003,430,290,"F",858," "
46,2004,430,320,"F",964," "
46,2005,430,325,"E",970,"F"
46,2006,430,280,"E",1098,"E"
46,2007,430,315,"F",950,"F"
46,2008,430,320,"F",970,"F"
46,2009,430,387,"E",1100,"E"
46,2010,430,499,"E",1408,"E"
46,2011,430,473,"E",1455,"E"
50,1961,430,60,"F",880,"F"
50,1962,430,61,"F",840,"F"
50,1963,430,62,"F",820,"F"
50,1964,430,62,"F",800,"F"
50,1965,430,63,"F",880,"F"
50,1966,430,63,"F",930,"F"
50,1967,430,65,"F",910,"F"
50,1968,430,65,"F",950,"F"
50,1969,430,65,"F",965," "
50,1970,430,67," ",1016," "
50,1971,430,67," ",1016," "
50,1972,430,67," ",965," "
50,1973,430,74," ",864," "
50,1974,430,74," ",813," "
50,1975,430,67," ",660," "
50,1976,430,100," ",1016," "
50,1977,430,127," ",1321," "
50,1978,430,114," ",1727," "
50,1979,430,114," ",1626," "
50,1980,430,88," ",1270," "
50,1981,430,80," ",1118," "
50,1982,430,74," ",1016," "
50,1983,430,74," ",1050," "
50,1984,430,74," ",1050," "
50,1985,430,67," ",1215," "
50,1986,430,74," ",1200," "
50,1987,430,80," ",1300," "
50,1988,430,80," ",1350," "
50,1989,430,80," ",1400," "
50,1990,430,78," ",1300," "
50,1991,430,75," ",1280," "
50,1992,430,75," ",1300," "
50,1993,430,70," ",1150," "
50,1994,430,70," ",1300," "
50,1995,430,70," ",1200," "
50,1996,430,70," ",1200," "
50,1997,430,73," ",1300," "
50,1998,430,73," ",1200," "
50,1999,430,73," ",1500," "
50,2000,430,73," ",1270," "
50,2001,430,73," ",1600," "
50,2002,430,73," ",1800," "
50,2003,430,93," ",1900," "
50,2004,430,83," ",1644," "
50,2005,430,84," ",1788," "
50,2006,430,88," ",2245," "
50,2007,430,88," ",1947," "
50,2008,430,87," ",1920," "
50,2009,430,87," ",1625," "
50,2010,430,100," ",1608," "
50,2011,430,99," ",2428," "
53,1961,430,0," ",0," "
53,1962,430,0," ",0," "
53,1963,430,0," ",0," "
53,1964,430,0," ",0," "
53,1965,430,0," ",0," "
53,1966,430,0," ",0," "
53,1967,430,0," ",0," "
53,1968,430,0," ",0," "
53,1969,430,0," ",0," "
53,1970,430,0," ",0," "
53,1971,430,0," ",0," "
53,1972,430,0," ",0," "
53,1973,430,0," ",0," "
53,1974,430,0," ",0," "
53,1975,430,0," ",0," "
53,1976,430,0," ",0," "
53,1977,430,0," ",0," "
53,1978,430,0," ",0," "
53,1979,430,0," ",0," "
53,1980,430,0," ",0," "
53,1981,430,0," ",0," "
53,1982,430,0," ",0," "
53,1983,430,3135," ",5919," "
53,1984,430,3082," ",6421," "
53,1985,430,3410," ",8329," "
53,1986,430,6093," ",13639," "
53,1987,430,6203," ",15283," "
53,1988,430,8583," ",21763," "
53,1989,430,8358," ",25156," "
53,1990,430,8974," ",30763," "
53,1991,430,9172," ",28739," "
53,1992,430,10844," ",35743," "
53,1993,430,10000,"F",33000,"F"
53,1994,430,12000,"F",40000,"F"
53,1995,430,7267," ",31196," "
53,1996,430,16273," ",51624," "
53,1997,430,16576," ",50332," "
53,1998,430,18925," ",53385," "
53,1999,430,17595," ",54579," "
53,2000,430,19509," ",58956," "
53,2001,430,18887," ",58099," "
53,2002,430,23095," ",68555," "
53,2003,430,23559,"*",85333,"*"
53,2004,430,21035," ",69539," "
53,2005,430,17897," ",76217," "
53,2006,430,17432," ",77386," "
53,2007,430,14197," ",49122," "
53,2008,430,13658," ",48060," "
53,2009,430,12945," ",42850," "
53,2010,430,13357," ",45597," "
53,2011,430,13551," ",48337," "
59,1961,430,200,"F",3000,"F"
59,1962,430,400,"F",6000,"F"
59,1963,430,600,"F",10000,"F"
59,1964,430,1000,"F",12000,"F"
59,1965,430,1100,"F",15000,"F"
59,1966,430,1200,"F",18000,"F"
59,1967,430,1500,"F",20000,"F"
59,1968,430,1600,"F",22000,"F"
59,1969,430,1800,"F",25000,"F"
59,1970,430,2000,"F",27000,"F"
59,1971,430,2200,"F",30000,"F"
59,1972,430,2250,"F",33000,"F"
59,1973,430,2300,"F",35000,"F"
59,1974,430,2400,"F",38000,"F"
59,1975,430,2600,"F",40000,"F"
59,1976,430,2900,"F",43000,"F"
59,1977,430,3300,"F",45000,"F"
59,1978,430,3500,"F",50000,"F"
59,1979,430,4000,"F",55000,"F"
59,1980,430,4620," ",66000," "
59,1981,430,4200," ",57000," "
59,1982,430,4620," ",61000," "
59,1983,430,5040," ",67000," "
59,1984,430,4620," ",63000," "
59,1985,430,4200," ",57000," "
59,1986,430,4620," ",68000," "
59,1987,430,4620," ",64000," "
59,1988,430,4200," ",60000," "
59,1989,430,4200," ",56000," "
59,1990,430,4620," ",64000," "
59,1991,430,5040," ",67000," "
59,1992,430,4880," ",64601," "
59,1993,430,5000,"F",67000," "
59,1994,430,5100,"F",67500,"F"
59,1995,430,5565,"*",75591,"*"
59,1996,430,5388,"*",72888,"*"
59,1997,430,5400,"F",74000,"F"
59,1998,430,5500,"F",75000,"F"
59,1999,430,6450," ",97120," "
59,2000,430,6000," ",76000," "
59,2001,430,6072," ",85236," "
59,2002,430,6360," ",94270," "
59,2003,430,6690," ",104640," "
59,2004,430,7060," ",112380," "
59,2005,430,7070," ",113490," "
59,2006,430,6970," ",109490," "
59,2007,430,7540," ",117940," "
59,2008,430,7200," ",104690," "
59,2009,430,9325," ",134665," "
59,2010,430,6885," ",86232," "
59,2011,430,6725," ",84041," "
66,1961,430,20,"F",50,"F"
66,1962,430,20,"F",50,"F"
66,1963,430,20,"F",50,"F"
66,1964,430,20,"F",50,"F"
66,1965,430,20,"F",50,"F"
66,1966,430,20,"F",50,"F"
66,1967,430,20,"F",50,"F"
66,1968,430,20,"F",50,"F"
66,1969,430,20,"F",50,"F"
66,1970,430,20,"F",50,"F"
66,1971,430,20,"F",50,"F"
66,1972,430,20,"F",50,"F"
66,1973,430,20,"F",50,"F"
66,1974,430,20,"F",50,"F"
66,1975,430,20,"F",50,"F"
66,1976,430,20,"F",50,"F"
66,1977,430,20,"F",50,"F"
66,1978,430,20,"F",50,"F"
66,1979,430,20,"F",50,"F"
66,1980,430,35,"F",100,"F"
66,1981,430,35,"F",100,"F"
66,1982,430,35,"F",100,"F"
66,1983,430,35,"F",100,"F"
66,1984,430,35,"F",100,"F"
66,1985,430,35,"F",100,"F"
66,1986,430,65,"F",200,"F"
66,1987,430,65,"F",200,"F"
66,1988,430,65,"F",200,"F"
66,1989,430,65,"F",200,"F"
66,1990,430,69,"E",182,"E"
66,1991,430,65,"F",179,"E"
66,1992,430,72,"E",176,"E"
66,1993,430,132," ",443," "
66,1994,430,167," ",972," "
66,1995,430,180,"F",1000,"F"
66,1996,430,184,"E",1100,"F"
66,1997,430,180,"F",1070," "
66,1998,430,180,"F",1100,"F"
66,1999,430,176,"E",1123,"E"
66,2000,430,170,"F",1000,"F"
66,2001,430,164,"E",1068,"E"
66,2002,430,141,"E",973,"E"
66,2003,430,154,"E",935,"E"
66,2004,430,152,"E",1022,"E"
66,2005,430,149,"E",959,"E"
66,2006,430,180,"F",1050,"F"
66,2007,430,190,"F",1100,"F"
66,2008,430,140,"E",1063,"E"
66,2009,430,123,"E",1001,"E"
66,2010,430,131,"E",1010,"E"
66,2011,430,134,"E",880,"E"
72,1961,430,,,0,"M"
72,1962,430,,,0,"M"
72,1963,430,,,0,"M"
72,1964,430,,,0,"M"
72,1965,430,,,0,"M"
72,1966,430,,,0,"M"
72,1967,430,,,0,"M"
72,1968,430,,,0,"M"
72,1969,430,,,0,"M"
72,1970,430,,,0,"M"
72,1971,430,,,0,"M"
72,1972,430,,,0,"M"
72,1973,430,,,0,"M"
72,1974,430,,,0,"M"
72,1975,430,,,0,"M"
72,1976,430,,,0,"M"
72,1977,430,,,0,"M"
72,1978,430,,,0,"M"
72,1979,430,,,0,"M"
72,1980,430,,,0,"M"
72,1981,430,,,0,"M"
72,1982,430,,,0,"M"
72,1983,430,,,0,"M"
72,1984,430,,,0,"M"
72,1985,430,,,0,"M"
72,1986,430,,,0,"M"
72,1987,430,,,0,"M"
72,1988,430,,,0,"M"
72,1989,430,,,0,"M"
72,1990,430,,,10,"F"
72,1991,430,,,9,"E"
72,1992,430,,,12,"F"
72,1993,430,,,11,"E"
72,1994,430,,,12,"E"
72,1995,430,,,13," "
72,1996,430,,,9,"E"
72,1997,430,,,13,"E"
72,1998,430,,,14,"F"
72,1999,430,,,10,"E"
72,2000,430,,,15," "
72,2001,430,,,18,"E"
72,2002,430,,,22,"E"
72,2003,430,,,17,"F"
72,2004,430,,,15,"E"
72,2005,430,,,19," "
72,2006,430,,,24,"E"
72,2007,430,,,20,"F"
72,2008,430,,,23,"E"
72,2009,430,,,17,"E"
72,2010,430,,,18,"E"
72,2011,430,,,24,"E"
76,1961,430,0," ",0," "
76,1962,430,0," ",0," "
76,1963,430,0," ",0," "
76,1964,430,0," ",0," "
76,1965,430,0," ",0," "
76,1966,430,0," ",0," "
76,1967,430,0," ",0," "
76,1968,430,125,"F",500,"*"
76,1969,430,125,"F",500,"F"
76,1970,430,125,"F",500,"*"
76,1971,430,75,"F",300,"F"
76,1972,430,65,"F",250,"*"
76,1973,430,100,"F",400,"*"
76,1974,430,125,"F",500,"*"
76,1975,430,75,"F",300,"*"
76,1976,430,75,"F",300,"*"
76,1977,430,100,"F",400,"*"
76,1978,430,130," ",650," "
76,1979,430,150," ",750," "
76,1980,430,125,"F",500,"*"
76,1981,430,80," ",160," "
76,1982,430,120," ",240," "
76,1983,430,135," ",540," "
76,1984,430,90," ",270," "
76,1985,430,130," ",325," "
76,1986,430,70,"F",200,"*"
76,1987,430,0,"*",0,"*"
76,1988,430,0," ",0," "
76,1989,430,0," ",0," "
76,1990,430,0," ",0," "
76,1991,430,0," ",0," "
76,1992,430,0," ",0," "
76,1993,430,0,"M",0,"M"
76,1994,430,0,"M",0,"M"
76,1995,430,0,"M",0,"M"
76,1996,430,0,"M",0,"M"
76,1997,430,0,"M",0,"M"
76,1998,430,0,"M",0,"M"
76,1999,430,0,"M",0,"M"
76,2000,430,0,"M",0,"M"
76,2001,430,0,"M",0,"M"
76,2002,430,0,"M",0,"M"
76,2003,430,0,"M",0,"M"
76,2004,430,0,"M",0,"M"
76,2005,430,0,"M",0,"M"
76,2006,430,0,"M",0,"M"
76,2007,430,0,"M",0,"M"
76,2008,430,0,"M",0,"M"
76,2009,430,0,"M",0,"M"
76,2010,430,0,"M",0,"M"
76,2011,430,0,"M",0,"M"
81,1961,430,20000,"F",70000,"F"
81,1962,430,20000,"F",70000,"F"
81,1963,430,20000,"F",70000,"F"
81,1964,430,20000,"F",70000,"F"
81,1965,430,20000,"F",70000,"F"
81,1966,430,21000,"F",71000,"F"
81,1967,430,23000,"F",78000,"F"
81,1968,430,23000,"F",78000,"F"
81,1969,430,25000,"F",82000,"F"
81,1970,430,28000," ",1e+05," "
81,1971,430,28000," ",1e+05," "
81,1972,430,43000," ",214000," "
81,1973,430,34000," ",171000," "
81,1974,430,51000," ",252000," "
81,1975,430,32000," ",160000," "
81,1976,430,25000," ",108000," "
81,1977,430,22000," ",92000," "
81,1978,430,20000," ",93000," "
81,1979,430,24000," ",110000," "
81,1980,430,20500," ",99000," "
81,1981,430,8600," ",40400," "
81,1982,430,10900," ",46400," "
81,1983,430,14800," ",62000," "
81,1984,430,26000," ",121000," "
81,1985,430,21000," ",102000," "
81,1986,430,30700," ",146000," "
81,1987,430,27400," ",138900," "
81,1988,430,11200," ",59600," "
81,1989,430,28000," ",146500," "
81,1990,430,22400," ",131900," "
81,1991,430,23000,"F",135000,"F"
81,1992,430,24000,"F",137000,"F"
81,1993,430,25000,"F",140000,"F"
81,1994,430,26000,"F",145000,"F"
81,1995,430,27000,"F",150000,"F"
81,1996,430,28000,"F",208376,"E"
81,1997,430,29388,"E",214323,"E"
81,1998,430,31047,"E",242354,"E"
81,1999,430,28865,"E",268477,"E"
81,2000,430,18000," ",1e+05," "
81,2001,430,16692,"E",122956,"E"
81,2002,430,20094,"E",128765,"E"
81,2003,430,22102,"E",125937,"E"
81,2004,430,20179,"E",119948,"E"
81,2005,430,15565,"E",113084,"E"
81,2006,430,19000,"F",105000,"F"
81,2007,430,19500,"F",108000,"F"
81,2008,430,17930,"E",89731,"E"
81,2009,430,2400," ",47000," "
81,2010,430,2600," ",50000," "
81,2011,430,2800," ",55000," "
89,1961,430,0,"M",0,"M"
89,1962,430,0,"M",0,"M"
89,1963,430,0,"M",0,"M"
89,1964,430,0,"M",0,"M"
89,1965,430,0,"M",0,"M"
89,1966,430,0,"M",0,"M"
89,1967,430,0,"M",0,"M"
89,1968,430,0,"M",0,"M"
89,1969,430,0,"M",0,"M"
89,1970,430,0,"M",0,"M"
89,1971,430,0,"M",0,"M"
89,1972,430,0,"M",0,"M"
89,1973,430,0,"M",0,"M"
89,1974,430,0,"M",0,"M"
89,1975,430,0,"M",0,"M"
89,1976,430,0,"M",0,"M"
89,1977,430,0,"M",0,"M"
89,1978,430,0,"M",0,"M"
89,1979,430,0,"M",0,"M"
89,1980,430,115," ",1475," "
89,1981,430,140," ",1824," "
89,1982,430,180," ",2274," "
89,1983,430,191," ",2513," "
89,1984,430,224," ",2891," "
89,1985,430,239," ",3026," "
89,1986,430,256," ",3180," "
89,1987,430,273," ",3326," "
89,1988,430,304," ",3766," "
89,1989,430,326," ",4033," "
89,1990,430,349," ",4300," "
89,1991,430,372," ",4566," "
89,1992,430,370,"F",4600,"F"
89,1993,430,373,"E",4568,"E"
89,1994,430,376,"E",4802,"E"
89,1995,430,397,"E",5294,"E"
89,1996,430,417,"E",5587,"E"
89,1997,430,436,"E",5875,"E"
89,1998,430,450,"F",4500,"F"
89,1999,430,590,"F",5000,"F"
89,2000,430,770," ",5980," "
89,2001,430,800,"F",6000,"F"
89,2002,430,809,"E",6006,"E"
89,2003,430,939,"E",7020,"E"
89,2004,430,976,"E",6204,"E"
89,2005,430,1013,"E",6741,"E"
89,2006,430,1004,"E",8943,"E"
89,2007,430,850,"F",6375,"F"
89,2008,430,879,"E",6018,"E"
89,2009,430,894,"E",6155,"E"
89,2010,430,915,"E",5910,"E"
89,2011,430,930,"E",6059,"E"
91,1961,430,0,"M",0,"M"
91,1962,430,0,"M",0,"M"
91,1963,430,0,"M",0,"M"
91,1964,430,0,"M",0,"M"
91,1965,430,0,"M",0,"M"
91,1966,430,0,"M",0,"M"
91,1967,430,0,"M",0,"M"
91,1968,430,0,"M",0,"M"
91,1969,430,0,"M",0,"M"
91,1970,430,0,"M",0,"M"
91,1971,430,0,"M",0,"M"
91,1972,430,0,"M",0,"M"
91,1973,430,0,"M",0,"M"
91,1974,430,0,"M",0,"M"
91,1975,430,0,"M",0,"M"
91,1976,430,0,"M",0,"M"
91,1977,430,0,"M",0,"M"
91,1978,430,0,"M",0,"M"
91,1979,430,0,"M",0,"M"
91,1980,430,0,"M",0,"M"
91,1981,430,0,"M",0,"M"
91,1982,430,0,"M",0,"M"
91,1983,430,0,"M",0,"M"
91,1984,430,0,"M",0,"M"
91,1985,430,0,"M",0,"M"
91,1986,430,0,"M",0,"M"
91,1987,430,0,"M",0,"M"
91,1988,430,0,"M",0,"M"
91,1989,430,0,"M",0,"M"
91,1990,430,0,"M",0,"M"
91,1991,430,0,"M",0,"M"
91,1992,430,0,"M",0,"M"
91,1993,430,0,"M",0,"M"
91,1994,430,0,"M",0,"M"
91,1995,430,0,"M",0,"M"
91,1996,430,0,"M",0,"M"
91,1997,430,600,"F",4200,"F"
91,1998,430,620,"F",4300,"F"
91,1999,430,630,"F",4400,"F"
91,2000,430,1300,"F",9080," "
91,2001,430,600,"F",4200," "
91,2002,430,590,"F",4100,"F"
91,2003,430,540,"F",3800,"F"
91,2004,430,490,"F",3400,"F"
91,2005,430,460,"F",3200,"F"
91,2006,430,340,"F",2400,"F"
91,2007,430,231,"E",1920,"E"
91,2008,430,318,"E",1908,"E"
91,2009,430,264,"E",1356,"E"
91,2010,430,178,"E",872,"E"
91,2011,430,225,"E",865,"E"
100,1961,430,150000,"F",775000,"F"
100,1962,430,158000,"F",790000,"F"
100,1963,430,165000,"F",825000,"F"
100,1964,430,170000,"F",845000,"F"
100,1965,430,180000,"F",9e+05,"F"
100,1966,430,185000,"F",940000,"F"
100,1967,430,190000,"F",970000,"F"
100,1968,430,198000,"F",1e+06,"F"
100,1969,430,210000,"F",1050000,"F"
100,1970,430,218000,"F",1150000,"F"
100,1971,430,225000,"F",1190000,"F"
100,1972,430,234000,"F",1240000,"F"
100,1973,430,244000,"F",1340000,"F"
100,1974,430,250000,"F",1375000,"F"
100,1975,430,260000,"F",1430000,"F"
100,1976,430,265000,"F",1480000,"F"
100,1977,430,275000,"F",1530000,"F"
100,1978,430,280000,"F",1550000,"F"
100,1979,430,290000,"F",1625000,"F"
100,1980,430,295000,"F",1700000,"F"
100,1981,430,3e+05,"F",1740000,"F"
100,1982,430,305000,"F",1770000,"F"
100,1983,430,315000,"F",1850000,"F"
100,1984,430,320000,"F",1900000,"F"
100,1985,430,330000,"F",1950000,"F"
100,1986,430,340000,"F",2050000,"F"
100,1987,430,346000,"F",2110000,"F"
100,1988,430,353000,"F",2190000,"F"
100,1989,430,360000,"F",2250000,"F"
100,1990,430,365000,"F",2280000,"F"
100,1991,430,370000,"*",2327000,"*"
100,1992,430,375000,"F",2400000,"F"
100,1993,430,376000,"F",2405000,"F"
100,1994,430,3e+05," ",3030000," "
100,1995,430,420000," ",3900000," "
100,1996,430,380000,"F",3800000,"F"
100,1997,430,370000,"F",3700000,"F"
100,1998,430,320000," ",3210000," "
100,1999,430,330000," ",3380000," "
100,2000,430,350000," ",3420000," "
100,2001,430,350000," ",3340000," "
100,2002,430,350000," ",3320000," "
100,2003,430,370000," ",3530000," "
100,2004,430,353100," ",3631400," "
100,2005,430,357300," ",3512400," "
100,2006,430,391800," ",3974600," "
100,2007,430,396000," ",4070000," "
100,2008,430,407000," ",4179000," "
100,2009,430,432000," ",4528000," "
100,2010,430,452000," ",4803000," "
100,2011,430,498000," ",5784000," "
103,1961,430,0," ",0," "
103,1962,430,0," ",0," "
103,1963,430,0," ",0," "
103,1964,430,0," ",0," "
103,1965,430,0," ",0," "
103,1966,430,0," ",0," "
103,1967,430,0," ",0," "
103,1968,430,0," ",0," "
103,1969,430,0," ",0," "
103,1970,430,0," ",0," "
103,1971,430,0," ",0," "
103,1972,430,0," ",0," "
103,1973,430,0," ",0," "
103,1974,430,0," ",0," "
103,1975,430,0," ",0," "
103,1976,430,0," ",0," "
103,1977,430,0," ",0," "
103,1978,430,12450," ",92200," "
103,1979,430,13700," ",83400," "
103,1980,430,16000," ",85300," "
103,1981,430,17050," ",109000," "
103,1982,430,19525," ",137900," "
103,1983,430,19025," ",137300," "
103,1984,430,19475," ",155700," "
103,1985,430,21775," ",162700," "
103,1986,430,19525," ",136800," "
103,1987,430,24875," ",134900," "
103,1988,430,18275," ",134300," "
103,1989,430,18900," ",149500," "
103,1990,430,18225," ",154100," "
103,1991,430,14850," ",115800," "
103,1992,430,18000,"F",155000,"*"
103,1993,430,18500,"F",160000,"*"
103,1994,430,18300,"F",158000,"F"
103,1995,430,18500,"F",160000,"F"
103,1996,430,18000,"F",155000,"F"
103,1997,430,18500,"F",150000,"F"
103,1998,430,19000,"F",156000,"F"
103,1999,430,13463,"E",115000,"F"
103,2000,430,16000,"F",85000,"F"
103,2001,430,15500,"F",95000,"F"
103,2002,430,16500,"F",105000,"F"
103,2003,430,16500," ",117000," "
103,2004,430,21750," ",146000," "
103,2005,430,19500," ",136000," "
103,2006,430,25750," ",174000," "
103,2007,430,22400," ",140579," "
103,2008,430,20150," ",132015," "
103,2009,430,20257," ",152751," "
103,2010,430,19534," ",151219," "
103,2011,430,19859," ",158014," "
107,1961,430,0,"M",0,"M"
107,1962,430,0,"M",0,"M"
107,1963,430,0,"M",0,"M"
107,1964,430,0,"M",0,"M"
107,1965,430,0,"M",0,"M"
107,1966,430,0,"M",0,"M"
107,1967,430,0,"M",0,"M"
107,1968,430,0,"M",0,"M"
107,1969,430,0,"M",0,"M"
107,1970,430,0,"M",0,"M"
107,1971,430,0,"M",0,"M"
107,1972,430,0,"M",0,"M"
107,1973,430,0,"M",0,"M"
107,1974,430,0,"M",0,"M"
107,1975,430,0,"M",0,"M"
107,1976,430,0,"M",0,"M"
107,1977,430,0,"M",0,"M"
107,1978,430,0,"M",0,"M"
107,1979,430,0,"M",0,"M"
107,1980,430,0,"M",0,"M"
107,1981,430,0,"M",0,"M"
107,1982,430,0,"M",0,"M"
107,1983,430,0,"M",0,"M"
107,1984,430,0,"M",0,"M"
107,1985,430,0,"M",0,"M"
107,1986,430,0,"M",0,"M"
107,1987,430,0,"M",0,"M"
107,1988,430,0,"M",0,"M"
107,1989,430,0,"M",0,"M"
107,1990,430,40000,"F",1e+05,"F"
107,1991,430,40883,"E",93421,"E"
107,1992,430,44000,"F",110000,"F"
107,1993,430,42856,"E",116854,"E"
107,1994,430,49224,"E",130667,"E"
107,1995,430,48000,"F",120000,"F"
107,1996,430,66244,"E",146965,"E"
107,1997,430,70153,"E",94215," "
107,1998,430,52000,"F",88833," "
107,1999,430,48346,"E",90739," "
107,2000,430,53605,"E",92685," "
107,2001,430,56000,"F",139567," "
107,2002,430,57000,"F",142498," "
107,2003,430,40000,"F",98934," "
107,2004,430,41000,"F",102211," "
107,2005,430,42300,"F",105597," "
107,2006,430,43000,"F",109082," "
107,2007,430,45000,"F",112537," "
107,2008,430,46000,"F",115913," "
107,2009,430,48000,"F",121417," "
107,2010,430,47000,"F",125748," "
107,2011,430,49000,"F",129594," "
109,1961,430,0,"M",0,"M"
109,1962,430,0,"M",0,"M"
109,1963,430,0,"M",0,"M"
109,1964,430,0,"M",0,"M"
109,1965,430,0,"M",0,"M"
109,1966,430,0,"M",0,"M"
109,1967,430,0,"M",0,"M"
109,1968,430,0,"M",0,"M"
109,1969,430,0,"M",0,"M"
109,1970,430,0,"M",0,"M"
109,1971,430,0,"M",0,"M"
109,1972,430,0,"M",0,"M"
109,1973,430,0,"M",0,"M"
109,1974,430,0,"M",0,"M"
109,1975,430,0,"M",0,"M"
109,1976,430,0,"M",0,"M"
109,1977,430,0,"M",0,"M"
109,1978,430,0,"M",0,"M"
109,1979,430,0,"M",0,"M"
109,1980,430,0,"M",0,"M"
109,1981,430,0,"M",0,"M"
109,1982,430,0,"M",0,"M"
109,1983,430,0,"M",0,"M"
109,1984,430,0,"M",0,"M"
109,1985,430,0,"M",0,"M"
109,1986,430,0,"M",0,"M"
109,1987,430,0,"M",0,"M"
109,1988,430,0,"M",0,"M"
109,1989,430,0,"M",0,"M"
109,1990,430,300,"F",2000,"F"
109,1991,430,300,"F",2000,"F"
109,1992,430,300,"F",2000,"F"
109,1993,430,300,"F",2000,"F"
109,1994,430,300,"F",2000,"F"
109,1995,430,311," ",2000,"F"
109,1996,430,369," ",2400,"F"
109,1997,430,300," ",2012," "
109,1998,430,306," ",2194," "
109,1999,430,392," ",3035," "
109,2000,430,349," ",2682," "
109,2001,430,326," ",2729," "
109,2002,430,301," ",2455," "
109,2003,430,338," ",3059," "
109,2004,430,278," ",2599," "
109,2005,430,321," ",3021," "
109,2006,430,404.1," ",3651.7," "
109,2007,430,369," ",3379," "
109,2008,430,385," ",3432," "
109,2009,430,474," ",4377," "
109,2010,430,480," ",4202," "
109,2011,430,559," ",5513," "
112,1961,430,0," ",0," "
112,1962,430,0," ",0," "
112,1963,430,0," ",0," "
112,1964,430,0," ",0," "
112,1965,430,0," ",0," "
112,1966,430,0," ",0," "
112,1967,430,0," ",0," "
112,1968,430,0," ",0," "
112,1969,430,98," ",343," "
112,1970,430,98," ",500," "
112,1971,430,110," ",160," "
112,1972,430,419," ",871," "
112,1973,430,299," ",348," "
112,1974,430,549," ",2124," "
112,1975,430,798," ",4665," "
112,1976,430,609," ",1376," "
112,1977,430,839," ",7614," "
112,1978,430,332," ",568," "
112,1979,430,565," ",1596," "
112,1980,430,1487," ",4523," "
112,1981,430,1048," ",2806," "
112,1982,430,1026," ",2847," "
112,1983,430,788," ",2200,"F"
112,1984,430,733," ",2136," "
112,1985,430,1365," ",3015," "
112,1986,430,694," ",1141," "
112,1987,430,481," ",1033," "
112,1988,430,514," ",1145," "
112,1989,430,456," ",822," "
112,1990,430,494," ",1243," "
112,1991,430,546," ",1112," "
112,1992,430,518," ",1789," "
112,1993,430,1000," ",3720," "
112,1994,430,576," ",894," "
112,1995,430,782," ",2685," "
112,1996,430,687," ",2095," "
112,1997,430,1011," ",2842," "
112,1998,430,944," ",2697," "
112,1999,430,587," ",1962," "
112,2000,430,1003," ",5869," "
112,2001,430,488," ",5164," "
112,2002,430,817," ",15490," "
112,2003,430,536," ",6311," "
112,2004,430,620," ",8667," "
112,2005,430,879," ",7163," "
112,2006,430,965," ",4304," "
112,2007,430,879," ",5652," "
112,2008,430,962," ",5550," "
112,2009,430,1273," ",6184," "
112,2010,430,1043," ",6814," "
112,2011,430,686," ",8620," "
114,1961,430,0,"M",0,"M"
114,1962,430,0,"M",0,"M"
114,1963,430,0,"M",0,"M"
114,1964,430,0,"M",0,"M"
114,1965,430,0,"M",0,"M"
114,1966,430,0,"M",0,"M"
114,1967,430,0,"M",0,"M"
114,1968,430,0,"M",0,"M"
114,1969,430,0,"M",0,"M"
114,1970,430,0,"M",0,"M"
114,1971,430,0,"M",0,"M"
114,1972,430,0,"M",0,"M"
114,1973,430,0,"M",0,"M"
114,1974,430,0,"M",0,"M"
114,1975,430,0,"M",0,"M"
114,1976,430,0,"M",0,"M"
114,1977,430,0,"M",0,"M"
114,1978,430,0,"M",0,"M"
114,1979,430,0,"M",0,"M"
114,1980,430,0,"M",0,"M"
114,1981,430,0,"M",0,"M"
114,1982,430,0,"M",0,"M"
114,1983,430,0,"M",0,"M"
114,1984,430,0,"M",0,"M"
114,1985,430,0,"M",0,"M"
114,1986,430,0,"M",0,"M"
114,1987,430,0,"M",0,"M"
114,1988,430,0,"M",0,"M"
114,1989,430,0,"M",0,"M"
114,1990,430,0,"M",0,"M"
114,1991,430,0,"M",0,"M"
114,1992,430,378," ",2338," "
114,1993,430,464," ",5304," "
114,1994,430,614," ",4400,"*"
114,1995,430,1791," ",3681," "
114,1996,430,485," ",2502," "
114,1997,430,873," ",5731," "
114,1998,430,709," ",4058," "
114,1999,430,696," ",2851," "
114,2000,430,687," ",3012," "
114,2001,430,814," ",4052," "
114,2002,430,671," ",3402," "
114,2003,430,794," ",4925," "
114,2004,430,800,"F",5000,"F"
114,2005,430,863," ",6904," "
114,2006,430,834," ",6672," "
114,2007,430,548," ",4384," "
114,2008,430,800,"F",5024," "
114,2009,430,392," ",3158," "
114,2010,430,383," ",3339," "
114,2011,430,484," ",5799," "
118,1961,430,0,"M",0,"M"
118,1962,430,0,"M",0,"M"
118,1963,430,0,"M",0,"M"
118,1964,430,0,"M",0,"M"
118,1965,430,0,"M",0,"M"
118,1966,430,0,"M",0,"M"
118,1967,430,0,"M",0,"M"
118,1968,430,0,"M",0,"M"
118,1969,430,0,"M",0,"M"
118,1970,430,0,"M",0,"M"
118,1971,430,0,"M",0,"M"
118,1972,430,0,"M",0,"M"
118,1973,430,0,"M",0,"M"
118,1974,430,0,"M",0,"M"
118,1975,430,0,"M",0,"M"
118,1976,430,0,"M",0,"M"
118,1977,430,0,"M",0,"M"
118,1978,430,0,"M",0,"M"
118,1979,430,0,"M",0,"M"
118,1980,430,0,"M",0,"M"
118,1981,430,0,"M",0,"M"
118,1982,430,0,"M",0,"M"
118,1983,430,0,"M",0,"M"
118,1984,430,0,"M",0,"M"
118,1985,430,0,"M",0,"M"
118,1986,430,0,"M",0,"M"
118,1987,430,0,"M",0,"M"
118,1988,430,125,"F",1382,"F"
118,1989,430,151," ",1706," "
118,1990,430,123,"F",1627," "
118,1991,430,5,"F",70,"F"
118,1992,430,12,"F",151," "
118,1993,430,36,"F",403," "
118,1994,430,95,"F",1094," "
118,1995,430,185,"F",2980," "
118,1996,430,262," ",2979," "
118,1997,430,266," ",3047," "
118,1998,430,270,"F",3106," "
118,1999,430,200,"F",2242," "
118,2000,430,220,"F",2466," "
118,2001,430,215,"F",2400,"F"
118,2002,430,210,"E",2418,"E"
118,2003,430,237,"E",2829,"E"
118,2004,430,220,"F",2450,"F"
118,2005,430,238,"E",2500,"F"
118,2006,430,330," ",4340," "
118,2007,430,330," ",4340," "
118,2008,430,330," ",4340," "
118,2009,430,341.4," ",4529.2," "
118,2010,430,372.9," ",4974.5," "
118,2011,430,365,"E",5108,"E"
121,1961,430,0," ",0," "
121,1962,430,0," ",0," "
121,1963,430,0," ",0," "
121,1964,430,0," ",0," "
121,1965,430,0," ",0," "
121,1966,430,0," ",0," "
121,1967,430,0," ",0," "
121,1968,430,0," ",0," "
121,1969,430,0," ",0," "
121,1970,430,0," ",0," "
121,1971,430,0," ",0," "
121,1972,430,0," ",0," "
121,1973,430,0," ",0," "
121,1974,430,0," ",0," "
121,1975,430,0," ",0," "
121,1976,430,0," ",0," "
121,1977,430,0," ",0," "
121,1978,430,0," ",0," "
121,1979,430,950,"F",6700,"F"
121,1980,430,970,"F",6800,"F"
121,1981,430,980,"F",6900,"F"
121,1982,430,1000,"F",7000,"F"
121,1983,430,1030,"F",7250,"F"
121,1984,430,1040,"F",7320,"F"
121,1985,430,1050,"F",7400,"F"
121,1986,430,1080,"F",7600,"F"
121,1987,430,1100,"F",7650,"F"
121,1988,430,1130,"F",7750,"F"
121,1989,430,1150,"F",7790,"F"
121,1990,430,1200,"F",7800,"F"
121,1991,430,1233," ",7837," "
121,1992,430,1231," ",8662," "
121,1993,430,1300,"F",8900,"F"
121,1994,430,1400,"F",10000,"F"
121,1995,430,1500,"F",11000,"F"
121,1996,430,1672," ",12813," "
121,1997,430,900,"F",5000,"F"
121,1998,430,400," ",1700," "
121,1999,430,300," ",1100," "
121,2000,430,335," ",1100," "
121,2001,430,293," ",1300," "
121,2002,430,1045," ",2600," "
121,2003,430,1468," ",4800," "
121,2004,430,1260," ",2700," "
121,2005,430,1300," ",2900," "
121,2006,430,1047," ",2300," "
121,2007,430,1238," ",2800," "
121,2008,430,1240," ",2800," "
121,2009,430,1070," ",2400," "
121,2010,430,492," ",1150,"F"
121,2011,430,500,"F",1100,"F"
131,1961,430,0,"M",0,"M"
131,1962,430,0,"M",0,"M"
131,1963,430,0,"M",0,"M"
131,1964,430,0,"M",0,"M"
131,1965,430,0,"M",0,"M"
131,1966,430,0,"M",0,"M"
131,1967,430,0,"M",0,"M"
131,1968,430,0,"M",0,"M"
131,1969,430,0,"M",0,"M"
131,1970,430,0,"M",0,"M"
131,1971,430,0,"M",0,"M"
131,1972,430,0,"M",0,"M"
131,1973,430,0,"M",0,"M"
131,1974,430,0,"M",0,"M"
131,1975,430,0,"M",0,"M"
131,1976,430,0,"M",0,"M"
131,1977,430,0,"M",0,"M"
131,1978,430,0,"M",0,"M"
131,1979,430,0,"M",0,"M"
131,1980,430,0,"M",0,"M"
131,1981,430,0,"M",0,"M"
131,1982,430,0,"M",0,"M"
131,1983,430,0,"M",0,"M"
131,1984,430,0,"M",0,"M"
131,1985,430,0,"M",0,"M"
131,1986,430,0,"M",0,"M"
131,1987,430,0,"M",0,"M"
131,1988,430,0,"M",0,"M"
131,1989,430,0,"M",0,"M"
131,1990,430,340,"F",3500,"F"
131,1991,430,240,"F",2500,"F"
131,1992,430,240,"F",2500,"F"
131,1993,430,490,"F",5000,"F"
131,1994,430,490,"F",5000,"F"
131,1995,430,490,"F",5000,"F"
131,1996,430,730,"F",7500,"F"
131,1997,430,730,"F",7500,"F"
131,1998,430,730,"F",7500,"F"
131,1999,430,970,"F",10000,"F"
131,2000,430,970,"F",10000,"F"
131,2001,430,970,"F",10000,"F"
131,2002,430,1210,"F",12500,"F"
131,2003,430,1210,"F",12500,"F"
131,2004,430,1210,"F",12500,"F"
131,2005,430,1450,"F",15000,"F"
131,2006,430,1450,"F",15000,"F"
131,2007,430,1450,"F",15000,"F"
131,2008,430,1527," ",17858," "
131,2009,430,1702," ",25739," "
131,2010,430,2295," ",26267," "
131,2011,430,2350," ",28871," "
137,1961,430,0,"M",0,"M"
137,1962,430,0,"M",0,"M"
137,1963,430,0,"M",0,"M"
137,1964,430,0,"M",0,"M"
137,1965,430,0,"M",0,"M"
137,1966,430,0,"M",0,"M"
137,1967,430,0,"M",0,"M"
137,1968,430,0,"M",0,"M"
137,1969,430,0,"M",0,"M"
137,1970,430,0,"M",0,"M"
137,1971,430,0,"M",0,"M"
137,1972,430,0,"M",0,"M"
137,1973,430,0,"M",0,"M"
137,1974,430,0,"M",0,"M"
137,1975,430,0,"M",0,"M"
137,1976,430,0,"M",0,"M"
137,1977,430,0,"M",0,"M"
137,1978,430,0,"M",0,"M"
137,1979,430,0,"M",0,"M"
137,1980,430,0,"M",0,"M"
137,1981,430,0,"M",0,"M"
137,1982,430,0,"M",0,"M"
137,1983,430,0,"M",0,"M"
137,1984,430,0,"M",0,"M"
137,1985,430,0,"M",0,"M"
137,1986,430,0,"M",0,"M"
137,1987,430,0,"M",0,"M"
137,1988,430,0,"M",0,"M"
137,1989,430,0,"M",0,"M"
137,1990,430,65,"F",390,"F"
137,1991,430,66,"E",388,"E"
137,1992,430,72,"E",421,"E"
137,1993,430,75,"F",450,"F"
137,1994,430,81,"E",471,"E"
137,1995,430,90,"F",550,"F"
137,1996,430,94,"E",510,"E"
137,1997,430,95,"F",600,"F"
137,1998,430,110,"F",700,"F"
137,1999,430,130,"F",850,"F"
137,2000,430,154,"E",1099,"E"
137,2001,430,140,"F",900,"F"
137,2002,430,145,"F",930,"F"
137,2003,430,172,"E",962,"E"
137,2004,430,150,"F",950,"F"
137,2005,430,152," ",964," "
137,2006,430,164," ",1351," "
137,2007,430,177," ",1036," "
137,2008,430,158," ",1270," "
137,2009,430,174," ",1519," "
137,2010,430,210," ",1592," "
137,2011,430,153," ",909," "
138,1961,430,170,"F",1000,"F"
138,1962,430,170,"F",1000,"F"
138,1963,430,170,"F",1000,"F"
138,1964,430,200,"F",1200,"F"
138,1965,430,210,"F",1300,"F"
138,1966,430,230,"F",1400,"F"
138,1967,430,250,"F",1500,"F"
138,1968,430,270,"F",1600,"F"
138,1969,430,340,"F",2000,"F"
138,1970,430,350,"F",2100,"F"
138,1971,430,360,"F",2200,"F"
138,1972,430,370,"F",2000,"F"
138,1973,430,750,"F",4500,"F"
138,1974,430,250,"F",1500,"F"
138,1975,430,330,"F",2000,"F"
138,1976,430,330,"F",2000,"F"
138,1977,430,330,"F",2000,"F"
138,1978,430,500,"F",3000,"F"
138,1979,430,1400,"F",8000,"F"
138,1980,430,5126," ",32918," "
138,1981,430,2480," ",19107," "
138,1982,430,4686," ",35699," "
138,1983,430,2921," ",14952," "
138,1984,430,2627," ",23414," "
138,1985,430,3605," ",30594," "
138,1986,430,2860," ",22958," "
138,1987,430,4375," ",29429," "
138,1988,430,4211," ",28224," "
138,1989,430,2941," ",18000,"F"
138,1990,430,3938," ",24200," "
138,1991,430,4603," ",31558," "
138,1992,430,6411," ",34116," "
138,1993,430,2536," ",17558," "
138,1994,430,5800," ",30824," "
138,1995,430,4304," ",27281," "
138,1996,430,2182," ",12913," "
138,1997,430,4448," ",29329," "
138,1998,430,5848," ",33286," "
138,1999,430,4470," ",31359," "
138,2000,430,6765," ",42143," "
138,2001,430,3159," ",21853," "
138,2002,430,5303," ",33452," "
138,2003,430,3004," ",24468," "
138,2004,430,3695," ",26761," "
138,2005,430,2614," ",18940," "
138,2006,430,4561," ",37628," "
138,2007,430,3106," ",35946," "
138,2008,430,4277," ",35711," "
138,2009,430,3546," ",28671," "
138,2010,430,2394," ",18447," "
138,2011,430,3020," ",26666," "
159,1961,430,150000,"F",235000," "
159,1962,430,150000,"F",241000," "
159,1963,430,150000,"F",246000," "
159,1964,430,150000,"F",252000," "
159,1965,430,155000,"F",259000," "
159,1966,430,155000,"F",265000," "
159,1967,430,155000,"F",272000," "
159,1968,430,155000,"F",279000," "
159,1969,430,155000,"F",287000," "
159,1970,430,160000,"F",290000,"F"
159,1971,430,160000,"F",295000,"F"
159,1972,430,160000,"F",3e+05,"F"
159,1973,430,160000,"F",315000,"F"
159,1974,430,165000,"F",330000,"F"
159,1975,430,165000,"F",350000,"F"
159,1976,430,175000,"F",370000,"F"
159,1977,430,180000,"F",385000,"F"
159,1978,430,2e+05,"F",4e+05,"F"
159,1979,430,2e+05,"F",410000,"F"
159,1980,430,2e+05,"F",420000,"F"
159,1981,430,2e+05,"F",430000,"F"
159,1982,430,2e+05,"F",440000,"F"
159,1983,430,2e+05,"F",450000,"F"
159,1984,430,210000,"F",460000,"F"
159,1985,430,230000,"F",475000,"F"
159,1986,430,250000,"F",490000,"F"
159,1987,430,250000,"F",5e+05,"F"
159,1988,430,250000,"F",510000,"F"
159,1989,430,264000," ",791000," "
159,1990,430,260000,"F",526000," "
159,1991,430,265737,"E",530000,"F"
159,1992,430,314179,"E",550000,"F"
159,1993,430,306011,"E",570000,"F"
159,1994,430,351478,"E",6e+05,"F"
159,1995,430,450212,"E",630000,"F"
159,1996,430,621330,"E",650000,"F"
159,1997,430,245000,"F",612000," "
159,1998,430,255000,"F",638000," "
159,1999,430,275000,"F",719000," "
159,2000,430,304915,"E",733313,"E"
159,2001,430,282751,"E",743537,"E"
159,2002,430,285000,"F",750000,"F"
159,2003,430,3e+05,"F",810000,"F"
159,2004,430,330000,"F",870000,"F"
159,2005,430,350000,"F",950000,"F"
159,2006,430,370000,"F",1e+06,"F"
159,2007,430,430000,"F",1280000," "
159,2008,430,387000," ",1039000," "
159,2009,430,390000,"F",1050000,"F"
159,2010,430,397290," ",1083620," "
159,2011,430,376570," ",1060620," "
165,1961,430,0," ",0," "
165,1962,430,0," ",0," "
165,1963,430,0," ",0," "
165,1964,430,0," ",0," "
165,1965,430,0," ",0," "
165,1966,430,0," ",0," "
165,1967,430,0," ",0," "
165,1968,430,0," ",0," "
165,1969,430,0," ",0," "
165,1970,430,0," ",0," "
165,1971,430,0," ",0," "
165,1972,430,0," ",0," "
165,1973,430,0," ",0," "
165,1974,430,0," ",0," "
165,1975,430,0," ",0," "
165,1976,430,0," ",0," "
165,1977,430,0," ",0," "
165,1978,430,0," ",0," "
165,1979,430,0," ",0," "
165,1980,430,5022," ",35897," "
165,1981,430,4813," ",37476," "
165,1982,430,5594," ",43373," "
165,1983,430,6329," ",50183," "
165,1984,430,7214," ",59515," "
165,1985,430,7253," ",59423," "
165,1986,430,8225," ",70188," "
165,1987,430,8502," ",67574," "
165,1988,430,8417," ",65238," "
165,1989,430,9070," ",70944," "
165,1990,430,9851," ",77697," "
165,1991,430,10393," ",85479," "
165,1992,430,10494," ",86384," "
165,1993,430,11090," ",91882," "
165,1994,430,10870," ",88626," "
165,1995,430,11345," ",96793," "
165,1996,430,12075," ",105730," "
165,1997,430,12405," ",108815," "
165,1998,430,13077," ",116035," "
165,1999,430,13447," ",120197," "
165,2000,430,13148," ",100634," "
165,2001,430,12884," ",100537," "
165,2002,430,13443," ",103093," "
165,2003,430,12921," ",99588," "
165,2004,430,13833," ",106722," "
165,2005,430,14384," ",109239," "
165,2006,430,14780," ",111565," "
165,2007,430,14996," ",103659," "
165,2008,430,15081," ",114657," "
165,2009,430,15179," ",116096," "
165,2010,430,14148," ",107453," "
165,2011,430,13919," ",102577," "
171,1961,430,0,"M",0,"M"
171,1962,430,0,"M",0,"M"
171,1963,430,0,"M",0,"M"
171,1964,430,0,"M",0,"M"
171,1965,430,0,"M",0,"M"
171,1966,430,0,"M",0,"M"
171,1967,430,0,"M",0,"M"
171,1968,430,0,"M",0,"M"
171,1969,430,0,"M",0,"M"
171,1970,430,0,"M",0,"M"
171,1971,430,0,"M",0,"M"
171,1972,430,0,"M",0,"M"
171,1973,430,0,"M",0,"M"
171,1974,430,0,"M",0,"M"
171,1975,430,0,"M",0,"M"
171,1976,430,0,"M",0,"M"
171,1977,430,0,"M",0,"M"
171,1978,430,0,"M",0,"M"
171,1979,430,0,"M",0,"M"
171,1980,430,0,"M",0,"M"
171,1981,430,0,"M",0,"M"
171,1982,430,0,"M",0,"M"
171,1983,430,0,"M",0,"M"
171,1984,430,0,"M",0,"M"
171,1985,430,0,"M",0,"M"
171,1986,430,0,"M",0,"M"
171,1987,430,0,"M",0,"M"
171,1988,430,0,"M",0,"M"
171,1989,430,0,"M",0,"M"
171,1990,430,2368," ",23913," "
171,1991,430,2407," ",23801," "
171,1992,430,2443," ",25267," "
171,1993,430,2434," ",25465," "
171,1994,430,2738," ",28410," "
171,1995,430,2861," ",28886," "
171,1996,430,2842," ",30355," "
171,1997,430,2939," ",31009," "
171,1998,430,2414," ",24007," "
171,1999,430,2729," ",25174," "
171,2000,430,2907," ",25452," "
171,2001,430,2972," ",25160," "
171,2002,430,3024," ",25254," "
171,2003,430,3018," ",22992," "
171,2004,430,3121," ",24913," "
171,2005,430,3138," ",25958," "
171,2006,430,3211," ",26709," "
171,2007,430,3287," ",27886," "
171,2008,430,3488," ",29485," "
171,2009,430,3555," ",29710," "
171,2010,430,3571," ",26176," "
171,2011,430,3497," ",29129," "
177,1961,430,0,"M",0,"M"
177,1962,430,0,"M",0,"M"
177,1963,430,0,"M",0,"M"
177,1964,430,0,"M",0,"M"
177,1965,430,0,"M",0,"M"
177,1966,430,0,"M",0,"M"
177,1967,430,0,"M",0,"M"
177,1968,430,0,"M",0,"M"
177,1969,430,0,"M",0,"M"
177,1970,430,0,"M",0,"M"
177,1971,430,0,"M",0,"M"
177,1972,430,0,"M",0,"M"
177,1973,430,0,"M",0,"M"
177,1974,430,0,"M",0,"M"
177,1975,430,0,"M",0,"M"
177,1976,430,0,"M",0,"M"
177,1977,430,0,"M",0,"M"
177,1978,430,0,"M",0,"M"
177,1979,430,0,"M",0,"M"
177,1980,430,0,"M",0,"M"
177,1981,430,0,"M",0,"M"
177,1982,430,0,"M",0,"M"
177,1983,430,0,"M",0,"M"
177,1984,430,0,"M",0,"M"
177,1985,430,0,"M",0,"M"
177,1986,430,0,"M",0,"M"
177,1987,430,0,"M",0,"M"
177,1988,430,0,"M",0,"M"
177,1989,430,0,"M",0,"M"
177,1990,430,0,"M",0,"M"
177,1991,430,0,"M",0,"M"
177,1992,430,0,"M",0,"M"
177,1993,430,0,"M",0,"M"
177,1994,430,0,"M",0,"M"
177,1995,430,0,"M",0,"M"
177,1996,430,0,"M",0,"M"
177,1997,430,0,"M",0,"M"
177,1998,430,0,"M",0,"M"
177,1999,430,0,"M",0,"M"
177,2000,430,0,"M",0,"M"
177,2001,430,0,"M",0,"M"
177,2002,430,0,"M",0,"M"
177,2003,430,60," ",138," "
177,2004,430,60," ",138," "
177,2005,430,41," ",95," "
177,2006,430,52,"E",113,"E"
177,2007,430,45,"F",110,"F"
177,2008,430,47,"E",112,"E"
177,2009,430,58,"E",126,"E"
177,2010,430,59,"E",123,"E"
177,2011,430,69,"E",159,"E"
179,1961,430,0," ",0," "
179,1962,430,0," ",0," "
179,1963,430,0," ",0," "
179,1964,430,0," ",0," "
179,1965,430,0," ",0," "
179,1966,430,0," ",0," "
179,1967,430,0," ",0," "
179,1968,430,0," ",0," "
179,1969,430,0," ",0," "
179,1970,430,0," ",0," "
179,1971,430,0," ",0," "
179,1972,430,0," ",0," "
179,1973,430,0," ",0," "
179,1974,430,0," ",0," "
179,1975,430,0," ",0," "
179,1976,430,0," ",0," "
179,1977,430,0," ",0," "
179,1978,430,0," ",0," "
179,1979,430,0," ",0," "
179,1980,430,0," ",0," "
179,1981,430,0," ",0," "
179,1982,430,0," ",0," "
179,1983,430,0," ",0," "
179,1984,430,39," ",168," "
179,1985,430,48," ",196," "
179,1986,430,30," ",124," "
179,1987,430,32," ",129," "
179,1988,430,45," ",181," "
179,1989,430,55," ",225," "
179,1990,430,48," ",190," "
179,1991,430,63," ",250," "
179,1992,430,103," ",413," "
179,1993,430,93," ",373," "
179,1994,430,90," ",360," "
179,1995,430,109," ",437," "
179,1996,430,172," ",688," "
179,1997,430,203," ",812," "
179,1998,430,150," ",601," "
179,1999,430,159," ",677," "
179,2000,430,163," ",831," "
179,2001,430,61," ",245," "
179,2002,430,61," ",245," "
179,2003,430,70," ",280," "
179,2004,430,65," ",253," "
179,2005,430,70," ",282," "
179,2006,430,89," ",408," "
179,2007,430,126," ",550," "
179,2008,430,130," ",550," "
179,2009,430,76," ",304," "
179,2010,430,90," ",490," "
179,2011,430,75," ",300," "
194,1961,430,850,"F",2500,"F"
194,1962,430,850,"F",2500,"F"
194,1963,430,850,"F",2500,"F"
194,1964,430,850,"F",2500,"F"
194,1965,430,900,"F",2600,"F"
194,1966,430,900,"F",2700,"F"
194,1967,430,950,"F",2800,"F"
194,1968,430,1000," ",3000," "
194,1969,430,1000,"F",3000,"F"
194,1970,430,1000,"F",3000,"F"
194,1971,430,1000,"F",3000,"F"
194,1972,430,1153," ",3703," "
194,1973,430,675," ",9352," "
194,1974,430,3013," ",19992," "
194,1975,430,1750," ",14842," "
194,1976,430,1283," ",4630," "
194,1977,430,1705," ",11623," "
194,1978,430,636," ",2618," "
194,1979,430,1492," ",6226," "
194,1980,430,1632," ",9379," "
194,1981,430,970," ",4953," "
194,1982,430,1227," ",6345," "
194,1983,430,1951," ",11979," "
194,1984,430,2057," ",10561," "
194,1985,430,3359," ",18001," "
194,1986,430,3103," ",17448," "
194,1987,430,5189," ",31374," "
194,1988,430,4910," ",32788," "
194,1989,430,5440," ",31009," "
194,1990,430,7738," ",29263," "
194,1991,430,6934," ",42774," "
194,1992,430,8664," ",42133," "
194,1993,430,8767," ",46750," "
194,1994,430,9732," ",49930," "
194,1995,430,10889," ",55866," "
194,1996,430,10602," ",54186," "
194,1997,430,10880," ",57495," "
194,1998,430,9500," ",41208," "
194,1999,430,6660," ",50000," "
194,2000,430,6568," ",52539," "
194,2001,430,5682," ",40868," "
194,2002,430,5203," ",45833," "
194,2003,430,5024," ",48272," "
194,2004,430,4343," ",51848," "
194,2005,430,4019," ",46365," "
194,2006,430,4400," ",57900," "
194,2007,430,4200," ",55000," "
194,2008,430,3834," ",52369," "
194,2009,430,4446," ",60892," "
194,2010,430,4430," ",52884," "
194,2011,430,4004," ",53528," "
195,1961,430,0,"M",0,"M"
195,1962,430,0,"M",0,"M"
195,1963,430,0,"M",0,"M"
195,1964,430,0,"M",0,"M"
195,1965,430,0,"M",0,"M"
195,1966,430,0,"M",0,"M"
195,1967,430,0,"M",0,"M"
195,1968,430,0,"M",0,"M"
195,1969,430,0,"M",0,"M"
195,1970,430,0,"M",0,"M"
195,1971,430,0,"M",0,"M"
195,1972,430,0,"M",0,"M"
195,1973,430,0,"M",0,"M"
195,1974,430,0,"M",0,"M"
195,1975,430,0,"M",0,"M"
195,1976,430,0,"M",0,"M"
195,1977,430,0,"M",0,"M"
195,1978,430,0,"M",0,"M"
195,1979,430,0,"M",0,"M"
195,1980,430,0,"M",0,"M"
195,1981,430,0,"M",0,"M"
195,1982,430,0,"M",0,"M"
195,1983,430,0,"M",0,"M"
195,1984,430,0,"M",0,"M"
195,1985,430,0,"M",0,"M"
195,1986,430,0,"M",0,"M"
195,1987,430,0,"M",0,"M"
195,1988,430,0,"M",0,"M"
195,1989,430,0,"M",0,"M"
195,1990,430,0,"M",0,"M"
195,1991,430,0,"M",0,"M"
195,1992,430,0,"M",0,"M"
195,1993,430,0,"M",0,"M"
195,1994,430,0,"M",0,"M"
195,1995,430,0,"M",0,"M"
195,1996,430,0,"M",0,"M"
195,1997,430,0,"M",0,"M"
195,1998,430,0,"M",0,"M"
195,1999,430,0,"M",0,"M"
195,2000,430,3438," ",28463," "
195,2001,430,2392," ",23782," "
195,2002,430,2521," ",20857," "
195,2003,430,4617," ",42550," "
195,2004,430,4689," ",44281," "
195,2005,430,1945," ",21855," "
195,2006,430,2533," ",25961," "
195,2007,430,1005," ",11835," "
195,2008,430,1842," ",23120," "
195,2009,430,1853," ",14716," "
195,2010,430,531," ",16320," "
195,2011,430,587," ",13340," "
206,1961,430,0,"M",0,"M"
206,1962,430,0,"M",0,"M"
206,1963,430,0,"M",0,"M"
206,1964,430,0,"M",0,"M"
206,1965,430,0,"M",0,"M"
206,1966,430,0,"M",0,"M"
206,1967,430,0,"M",0,"M"
206,1968,430,0,"M",0,"M"
206,1969,430,0,"M",0,"M"
206,1970,430,0,"M",0,"M"
206,1971,430,0,"M",0,"M"
206,1972,430,0,"M",0,"M"
206,1973,430,0,"M",0,"M"
206,1974,430,0,"M",0,"M"
206,1975,430,0,"M",0,"M"
206,1976,430,0,"M",0,"M"
206,1977,430,0,"M",0,"M"
206,1978,430,0,"M",0,"M"
206,1979,430,0,"M",0,"M"
206,1980,430,0,"M",0,"M"
206,1981,430,0,"M",0,"M"
206,1982,430,0,"M",0,"M"
206,1983,430,0,"M",0,"M"
206,1984,430,0,"M",0,"M"
206,1985,430,0,"M",0,"M"
206,1986,430,0,"M",0,"M"
206,1987,430,0,"M",0,"M"
206,1988,430,0,"M",0,"M"
206,1989,430,0,"M",0,"M"
206,1990,430,6200,"F",50000,"F"
206,1991,430,6200,"F",50000,"F"
206,1992,430,6200,"F",50000,"F"
206,1993,430,6200,"F",50000,"F"
206,1994,430,7500,"F",60000,"F"
206,1995,430,10000,"F",80000,"F"
206,1996,430,12500,"F",1e+05,"F"
206,1997,430,16000,"F",130000,"F"
206,1998,430,19000,"F",150000,"F"
206,1999,430,21000,"F",170000,"F"
206,2000,430,25000,"F",2e+05,"F"
206,2001,430,27000,"F",220000,"F"
206,2002,430,23000,"F",240000,"F"
206,2003,430,23529," ",261000," "
206,2004,430,25210," ",240000," "
206,2005,430,24373," ",168000," "
206,2006,430,23529," ",168000," "
206,2007,430,20882," ",216950," "
206,2008,430,20328," ",249000," "
206,2009,430,20916," ",252000," "
206,2010,430,21504," ",256000," "
206,2011,430,21504," ",257100," "
212,1961,430,0,"M",0,"M"
212,1962,430,0,"M",0,"M"
212,1963,430,0,"M",0,"M"
212,1964,430,0,"M",0,"M"
212,1965,430,0,"M",0,"M"
212,1966,430,0,"M",0,"M"
212,1967,430,0,"M",0,"M"
212,1968,430,0,"M",0,"M"
212,1969,430,0,"M",0,"M"
212,1970,430,0,"M",0,"M"
212,1971,430,0,"M",0,"M"
212,1972,430,0,"M",0,"M"
212,1973,430,0,"M",0,"M"
212,1974,430,0,"M",0,"M"
212,1975,430,0,"M",0,"M"
212,1976,430,0,"M",0,"M"
212,1977,430,0,"M",0,"M"
212,1978,430,0,"M",0,"M"
212,1979,430,0,"M",0,"M"
212,1980,430,0,"M",0,"M"
212,1981,430,0,"M",0,"M"
212,1982,430,0,"M",0,"M"
212,1983,430,0,"M",0,"M"
212,1984,430,0,"M",0,"M"
212,1985,430,0,"M",0,"M"
212,1986,430,0,"M",0,"M"
212,1987,430,0,"M",0,"M"
212,1988,430,0,"M",0,"M"
212,1989,430,0,"M",0,"M"
212,1990,430,0,"M",0,"M"
212,1991,430,4735," ",10626," "
212,1992,430,3965," ",10089," "
212,1993,430,5442," ",11856," "
212,1994,430,5020," ",11633," "
212,1995,430,4254," ",12612," "
212,1996,430,3824," ",10469," "
212,1997,430,4882," ",13616," "
212,1998,430,6704," ",17089," "
212,1999,430,3460," ",11684," "
212,2000,430,3842," ",11490," "
212,2001,430,4500," ",12800," "
212,2002,430,3700," ",12210," "
212,2003,430,5700," ",20200," "
212,2004,430,5800," ",21600," "
212,2005,430,4700," ",15900," "
212,2006,430,6860," ",22050," "
212,2007,430,5430," ",15290," "
212,2008,430,6300," ",20100," "
212,2009,430,5124," ",13812," "
212,2010,430,4724," ",15451," "
212,2011,430,4234," ",14607," "
220,1961,430,0,"M",0,"M"
220,1962,430,0,"M",0,"M"
220,1963,430,0,"M",0,"M"
220,1964,430,0,"M",0,"M"
220,1965,430,0,"M",0,"M"
220,1966,430,0,"M",0,"M"
220,1967,430,0,"M",0,"M"
220,1968,430,0,"M",0,"M"
220,1969,430,0,"M",0,"M"
220,1970,430,0,"M",0,"M"
220,1971,430,0,"M",0,"M"
220,1972,430,0,"M",0,"M"
220,1973,430,0,"M",0,"M"
220,1974,430,0,"M",0,"M"
220,1975,430,0,"M",0,"M"
220,1976,430,0,"M",0,"M"
220,1977,430,0,"M",0,"M"
220,1978,430,0,"M",0,"M"
220,1979,430,0,"M",0,"M"
220,1980,430,0,"M",0,"M"
220,1981,430,0,"M",0,"M"
220,1982,430,0,"M",0,"M"
220,1983,430,0,"M",0,"M"
220,1984,430,0,"M",0,"M"
220,1985,430,0,"M",0,"M"
220,1986,430,0,"M",0,"M"
220,1987,430,0,"M",0,"M"
220,1988,430,0,"M",0,"M"
220,1989,430,0,"M",0,"M"
220,1990,430,0,"M",0,"M"
220,1991,430,0,"M",0,"M"
220,1992,430,0,"M",0,"M"
220,1993,430,0,"M",0,"M"
220,1994,430,0,"M",0,"M"
220,1995,430,0,"M",0,"M"
220,1996,430,0,"M",0,"M"
220,1997,430,0,"M",0,"M"
220,1998,430,0,"M",0,"M"
220,1999,430,0,"M",0,"M"
220,2000,430,0,"M",0,"M"
220,2001,430,0,"M",0,"M"
220,2002,430,0,"M",0,"M"
220,2003,430,0,"M",0,"M"
220,2004,430,0,"M",0,"M"
220,2005,430,0,"M",0,"M"
220,2006,430,0,"M",0,"M"
220,2007,430,482.8," ",557," "
220,2008,430,701.1," ",734," "
220,2009,430,569," ",588," "
220,2010,430,368," ",934," "
220,2011,430,550,"F",1409," "
221,1961,430,0,"M",0,"M"
221,1962,430,0,"M",0,"M"
221,1963,430,0,"M",0,"M"
221,1964,430,0,"M",0,"M"
221,1965,430,0,"M",0,"M"
221,1966,430,0,"M",0,"M"
221,1967,430,0,"M",0,"M"
221,1968,430,0,"M",0,"M"
221,1969,430,0,"M",0,"M"
221,1970,430,0,"M",0,"M"
221,1971,430,0,"M",0,"M"
221,1972,430,0,"M",0,"M"
221,1973,430,0,"M",0,"M"
221,1974,430,0,"M",0,"M"
221,1975,430,0,"M",0,"M"
221,1976,430,0,"M",0,"M"
221,1977,430,0,"M",0,"M"
221,1978,430,0,"M",0,"M"
221,1979,430,0,"M",0,"M"
221,1980,430,0,"M",0,"M"
221,1981,430,0,"M",0,"M"
221,1982,430,0,"M",0,"M"
221,1983,430,0,"M",0,"M"
221,1984,430,0,"M",0,"M"
221,1985,430,0,"M",0,"M"
221,1986,430,0,"M",0,"M"
221,1987,430,0,"M",0,"M"
221,1988,430,0,"M",0,"M"
221,1989,430,0,"M",0,"M"
221,1990,430,0,"M",0,"M"
221,1991,430,0,"M",0,"M"
221,1992,430,0,"M",0,"M"
221,1993,430,0,"M",0,"M"
221,1994,430,0,"M",0,"M"
221,1995,430,0,"M",0,"M"
221,1996,430,0,"M",0,"M"
221,1997,430,0,"M",0,"M"
221,1998,430,0,"M",0,"M"
221,1999,430,0,"M",0,"M"
221,2000,430,0,"M",0,"M"
221,2001,430,0,"M",0,"M"
221,2002,430,0,"M",0,"M"
221,2003,430,0,"M",0,"M"
221,2004,430,396.9," ",6570," "
221,2005,430,240.7," ",3984," "
221,2006,430,219.2," ",3654," "
221,2007,430,286," ",4736," "
221,2008,430,320," ",5340," "
221,2009,430,174," ",2896," "
221,2010,430,247," ",2180," "
221,2011,430,270," ",3837," "
223,1961,430,3700,"F",10000,"F"
223,1962,430,3700,"F",10000,"F"
223,1963,430,3700,"F",11000,"F"
223,1964,430,3700,"F",11000,"F"
223,1965,430,4000,"F",12000,"F"
223,1966,430,4000,"F",12000,"F"
223,1967,430,4000,"F",12000,"F"
223,1968,430,4000,"F",12075," "
223,1969,430,4000,"F",12514," "
223,1970,430,5000,"F",15000," "
223,1971,430,5000,"F",15000," "
223,1972,430,5000,"F",14000," "
223,1973,430,5000,"F",15000," "
223,1974,430,5300,"F",16000," "
223,1975,430,5800,"F",17500," "
223,1976,430,5800,"F",17750," "
223,1977,430,5800,"F",18000," "
223,1978,430,6000,"F",18900," "
223,1979,430,6300,"F",20000," "
223,1980,430,6300,"F",21000," "
223,1981,430,6500,"F",22000," "
223,1982,430,6800,"F",23000," "
223,1983,430,6800,"F",23500," "
223,1984,430,7000,"F",25000," "
223,1985,430,7300,"F",24000," "
223,1986,430,6300,"F",21000," "
223,1987,430,6800,"F",23000," "
223,1988,430,6000,"F",21000," "
223,1989,430,6000,"F",21000," "
223,1990,430,6112," ",22000," "
223,1991,430,5661," ",21000," "
223,1992,430,6035," ",20000," "
223,1993,430,5150," ",22000," "
223,1994,430,6400,"F",25500," "
223,1995,430,5400,"F",23000," "
223,1996,430,6100,"F",26000," "
223,1997,430,6536,"E",25000," "
223,1998,430,6661,"E",24500," "
223,1999,430,6760,"E",24500," "
223,2000,430,6800,"F",27500," "
223,2001,430,6100,"F",30000," "
223,2002,430,5594,"E",31000," "
223,2003,430,7100,"F",35500," "
223,2004,430,8600,"F",43000," "
223,2005,430,7100,"F",36000," "
223,2006,430,6014,"E",36843," "
223,2007,430,5960,"E",36992," "
223,2008,430,7200,"F",37543," "
223,2009,430,7300,"F",38432," "
223,2010,430,6900,"F",36748," "
223,2011,430,6800,"F",36662," "
225,1961,430,0,"M",0,"M"
225,1962,430,0,"M",0,"M"
225,1963,430,0,"M",0,"M"
225,1964,430,0,"M",0,"M"
225,1965,430,0,"M",0,"M"
225,1966,430,0,"M",0,"M"
225,1967,430,0,"M",0,"M"
225,1968,430,0,"M",0,"M"
225,1969,430,0,"M",0,"M"
225,1970,430,0,"M",0,"M"
225,1971,430,0,"M",0,"M"
225,1972,430,0,"M",0,"M"
225,1973,430,0,"M",0,"M"
225,1974,430,0,"M",0,"M"
225,1975,430,0,"M",0,"M"
225,1976,430,0,"M",0,"M"
225,1977,430,0,"M",0,"M"
225,1978,430,0,"M",0,"M"
225,1979,430,0,"M",0,"M"
225,1980,430,0,"M",0,"M"
225,1981,430,0,"M",0,"M"
225,1982,430,0,"M",0,"M"
225,1983,430,0,"M",0,"M"
225,1984,430,0,"M",0,"M"
225,1985,430,0,"M",0,"M"
225,1986,430,0,"M",0,"M"
225,1987,430,0,"M",0,"M"
225,1988,430,0,"M",0,"M"
225,1989,430,0,"M",0,"M"
225,1990,430,0,"M",0,"M"
225,1991,430,0,"M",0,"M"
225,1992,430,0,"M",0,"M"
225,1993,430,0,"M",0,"M"
225,1994,430,0,"M",0,"M"
225,1995,430,0,"M",0,"M"
225,1996,430,0,"M",0,"M"
225,1997,430,0,"M",0,"M"
225,1998,430,0,"M",0,"M"
225,1999,430,807," ",2706," "
225,2000,430,184," ",1753," "
225,2001,430,124," ",2500," "
225,2002,430,155," ",1957," "
225,2003,430,178," ",1322," "
225,2004,430,180,"F",1400,"F"
225,2005,430,937," ",8533," "
225,2006,430,95," ",1604," "
225,2007,430,73," ",1453," "
225,2008,430,46," ",594," "
225,2009,430,75.4," ",1415," "
225,2010,430,82," ",1639," "
225,2011,430,88," ",1579," "
231,1961,430,0," ",0," "
231,1962,430,0," ",0," "
231,1963,430,0," ",0," "
231,1964,430,0," ",0," "
231,1965,430,0," ",0," "
231,1966,430,0," ",0," "
231,1967,430,0," ",0," "
231,1968,430,0," ",0," "
231,1969,430,0," ",0," "
231,1970,430,0," ",0," "
231,1971,430,0," ",0," "
231,1972,430,0," ",0," "
231,1973,430,0," ",0," "
231,1974,430,0," ",0," "
231,1975,430,0," ",0," "
231,1976,430,0," ",0," "
231,1977,430,0," ",0," "
231,1978,430,0," ",0," "
231,1979,430,0," ",0," "
231,1980,430,0," ",0," "
231,1981,430,0," ",0," "
231,1982,430,0," ",0," "
231,1983,430,0," ",0," "
231,1984,430,0," ",0," "
231,1985,430,0," ",0," "
231,1986,430,0," ",0," "
231,1987,430,0," ",0," "
231,1988,430,0," ",0," "
231,1989,430,0," ",0," "
231,1990,430,0," ",0," "
231,1991,430,400,"F",3100,"F"
231,1992,430,420,"F",3150,"F"
231,1993,430,450,"F",3350,"F"
231,1994,430,550,"F",4100,"F"
231,1995,430,630,"F",4800,"F"
231,1996,430,850,"F",6400,"F"
231,1997,430,826,"E",6500,"F"
231,1998,430,950,"F",7200,"F"
231,1999,430,1130,"F",8500,"F"
231,2000,430,1170," ",8940," "
231,2001,430,1220," ",8210," "
231,2002,430,1200,"F",8000,"F"
231,2003,430,1191,"E",9242," "
231,2004,430,1130,"E",9878," "
231,2005,430,1250,"F",9487," "
231,2006,430,1238,"E",9500,"F"
231,2007,430,1300,"F",10000,"F"
231,2008,430,1262,"E",9673,"E"
231,2009,430,1271,"E",9684,"E"
231,2010,430,1200,"F",8500,"F"
231,2011,430,1153,"E",8276,"E"
233,1961,430,1000,"F",10000,"F"
233,1962,430,1100,"F",11000,"F"
233,1963,430,1200,"F",12000,"F"
233,1964,430,1300,"F",13000,"F"
233,1965,430,1400,"F",14000,"F"
233,1966,430,1500,"F",15000,"F"
233,1967,430,1500,"F",15000,"F"
233,1968,430,1500,"F",15000,"F"
233,1969,430,1500,"F",15000,"F"
233,1970,430,1500,"F",15000,"F"
233,1971,430,1500,"F",15000,"F"
233,1972,430,1500,"F",15000,"F"
233,1973,430,1500,"F",15000,"F"
233,1974,430,1500,"F",15000,"F"
233,1975,430,1500,"F",15000,"F"
233,1976,430,1500,"F",15000,"F"
233,1977,430,1500,"F",15000,"F"
233,1978,430,1600,"F",16000,"F"
233,1979,430,1600,"F",16000,"F"
233,1980,430,1700,"F",17000,"F"
233,1981,430,1700,"F",17000,"F"
233,1982,430,1800,"F",18000,"F"
233,1983,430,1800,"F",19000,"F"
233,1984,430,2100,"F",21000,"F"
233,1985,430,2200,"F",21667," "
233,1986,430,2200,"F",22408," "
233,1987,430,2300,"F",23176," "
233,1988,430,2400,"F",23974," "
233,1989,430,2500,"F",24804," "
233,1990,430,2600,"F",25666," "
233,1991,430,2657,"E",26000,"F"
233,1992,430,3141,"E",32336,"E"
233,1993,430,3059,"E",34351,"E"
233,1994,430,3514,"E",38412,"E"
233,1995,430,4501,"E",38778,"E"
233,1996,430,6212,"E",47492,"E"
233,1997,430,6579,"E",50048,"E"
233,1998,430,6954,"E",51910,"E"
233,1999,430,7409,"E",53166,"E"
233,2000,430,7334,"E",55286,"E"
233,2001,430,7002,"E",55741,"E"
233,2002,430,7920,"E",60654,"E"
233,2003,430,8852,"E",64100,"E"
233,2004,430,8758,"E",66011,"E"
233,2005,430,2650,"F",26500,"F"
233,2006,430,2600,"F",26000,"F"
233,2007,430,2700,"F",27000,"F"
233,2008,430,2483,"E",22433,"E"
233,2009,430,2769,"E",22301,"E"
233,2010,430,3006,"E",23273,"E"
233,2011,430,2829,"E",22853,"E"
245,1961,430,0," ",0," "
245,1962,430,0," ",0," "
245,1963,430,0," ",0," "
245,1964,430,0," ",0," "
245,1965,430,0," ",0," "
245,1966,430,0," ",0," "
245,1967,430,0," ",0," "
245,1968,430,0," ",0," "
245,1969,430,0," ",0," "
245,1970,430,0," ",0," "
245,1971,430,0," ",0," "
245,1972,430,0," ",0," "
245,1973,430,0," ",0," "
245,1974,430,0," ",0," "
245,1975,430,0," ",0," "
245,1976,430,0," ",0," "
245,1977,430,0," ",0," "
245,1978,430,464," ",2850," "
245,1979,430,559," ",2004," "
245,1980,430,0," ",0," "
245,1981,430,504," ",2592," "
245,1982,430,471," ",1566," "
245,1983,430,549," ",1117," "
245,1984,430,734," ",1138," "
245,1985,430,699," ",1119," "
245,1986,430,0," ",0," "
245,1987,430,0," ",0," "
245,1988,430,0," ",0," "
245,1989,430,0," ",0," "
245,1990,430,0," ",0," "
245,1991,430,0," ",0," "
245,1992,430,0," ",0," "
245,1993,430,0,"M",0,"M"
245,1994,430,0,"M",0,"M"
245,1995,430,0,"M",0,"M"
245,1996,430,0,"M",0,"M"
245,1997,430,0,"M",0,"M"
245,1998,430,0,"M",0,"M"
245,1999,430,0,"M",0,"M"
245,2000,430,0,"M",0,"M"
245,2001,430,0,"M",0,"M"
245,2002,430,0,"M",0,"M"
245,2003,430,0,"M",0,"M"
245,2004,430,0,"M",0,"M"
245,2005,430,0,"M",0,"M"
245,2006,430,0,"M",0,"M"
245,2007,430,0,"M",0,"M"
245,2008,430,0,"M",0,"M"
245,2009,430,0,"M",0,"M"
245,2010,430,0,"M",0,"M"
245,2011,430,0,"M",0,"M"
246,1961,430,0," ",0," "
246,1962,430,0," ",0," "
246,1963,430,0," ",0," "
246,1964,430,0," ",0," "
246,1965,430,0," ",0," "
246,1966,430,0," ",0," "
246,1967,430,0," ",0," "
246,1968,430,0," ",0," "
246,1969,430,0," ",0," "
246,1970,430,0," ",0," "
246,1971,430,0," ",0," "
246,1972,430,0," ",0," "
246,1973,430,0," ",0," "
246,1974,430,0," ",0," "
246,1975,430,0," ",0," "
246,1976,430,0," ",0," "
246,1977,430,0," ",0," "
246,1978,430,0," ",0," "
246,1979,430,0," ",0," "
246,1980,430,0," ",0," "
246,1981,430,2613," ",8513," "
246,1982,430,2711," ",8922," "
246,1983,430,2982," ",9516," "
246,1984,430,1600," ",10122," "
246,1985,430,1689," ",10823," "
246,1986,430,1955," ",12629," "
246,1987,430,2133," ",13292," "
246,1988,430,2206," ",13729," "
246,1989,430,2200,"F",13500,"F"
246,1990,430,2200,"F",13500,"F"
246,1991,430,2200,"T",14300,"T"
246,1992,430,2200,"T",15000,"T"
246,1993,430,2200,"T",15500,"T"
246,1994,430,2200,"T",15500,"T"
246,1995,430,2200,"T",15500,"T"
246,1996,430,2200,"T",15500,"T"
246,1997,430,2200,"T",15500,"T"
246,1998,430,2200,"T",15500,"T"
246,1999,430,2200,"T",15500,"T"
246,2000,430,2200,"T",15500,"T"
246,2001,430,2200,"T",15500,"T"
246,2002,430,2200,"T",15500,"T"
246,2003,430,2200,"T",15500,"T"
246,2004,430,2200,"T",15500,"T"
246,2005,430,2200,"T",15500,"T"
246,2006,430,2200,"T",15500,"T"
246,2007,430,2200,"T",15500,"T"
246,2008,430,2200,"T",15500,"T"
246,2009,430,2200,"T",15500,"T"
246,2010,430,2200,"T",15500,"T"
246,2011,430,2200,"T",15500,"T"
249,1961,430,0," ",0," "
249,1962,430,0," ",0," "
249,1963,430,0," ",0," "
249,1964,430,0," ",0," "
249,1965,430,0," ",0," "
249,1966,430,0," ",0," "
249,1967,430,0," ",0," "
249,1968,430,0," ",0," "
249,1969,430,0," ",0," "
249,1970,430,0," ",0," "
249,1971,430,0," ",0," "
249,1972,430,0," ",0," "
249,1973,430,0," ",0," "
249,1974,430,0," ",0," "
249,1975,430,0," ",0," "
249,1976,430,0," ",0," "
249,1977,430,0," ",0," "
249,1978,430,0," ",0," "
249,1979,430,2829,"*",9457,"*"
249,1980,430,2721,"*",10105,"*"
249,1981,430,2613," ",8513," "
249,1982,430,2711," ",8922," "
249,1983,430,2982," ",9516," "
249,1984,430,1600," ",10122," "
249,1985,430,1689," ",10823," "
249,1986,430,1955," ",12629," "
249,1987,430,2382," ",14310," "
249,1988,430,2395," ",14623," "
249,1989,430,2410," ",14967," "
249,1990,430,2388," ",14203," "
249,1991,430,2331," ",13916," "
249,1992,430,2457," ",15530," "
249,1993,430,2454," ",15472," "
249,1994,430,2414," ",14792," "
249,1995,430,2624," ",16228," "
249,1996,430,2985," ",17972," "
249,1997,430,2952," ",17336," "
249,1998,430,3466," ",19038," "
249,1999,430,3535," ",19642," "
249,2000,430,3602," ",20242," "
249,2001,430,3698," ",21756," "
249,2002,430,3751," ",22042," "
249,2003,430,3819," ",22463," "
249,2004,430,3015," ",17470," "
249,2005,430,3067," ",17904," "
249,2006,430,3203," ",18818," "
249,2007,430,3480," ",20730," "
249,2008,430,3580," ",21530," "
249,2009,430,3718," ",22519," "
249,2010,430,3779,"E",23833,"E"
249,2011,430,3701,"E",24472,"E"
299,1961,430,0,"M",0,"M"
299,1962,430,0,"M",0,"M"
299,1963,430,0,"M",0,"M"
299,1964,430,0,"M",0,"M"
299,1965,430,0,"M",0,"M"
299,1966,430,0,"M",0,"M"
299,1967,430,0,"M",0,"M"
299,1968,430,0,"M",0,"M"
299,1969,430,0,"M",0,"M"
299,1970,430,0,"M",0,"M"
299,1971,430,0,"M",0,"M"
299,1972,430,0,"M",0,"M"
299,1973,430,0,"M",0,"M"
299,1974,430,0,"M",0,"M"
299,1975,430,0,"M",0,"M"
299,1976,430,0,"M",0,"M"
299,1977,430,0,"M",0,"M"
299,1978,430,0,"M",0,"M"
299,1979,430,0,"M",0,"M"
299,1980,430,0,"M",0,"M"
299,1981,430,0,"M",0,"M"
299,1982,430,0,"M",0,"M"
299,1983,430,0,"M",0,"M"
299,1984,430,0,"M",0,"M"
299,1985,430,0,"M",0,"M"
299,1986,430,0,"M",0,"M"
299,1987,430,0,"M",0,"M"
299,1988,430,0,"M",0,"M"
299,1989,430,0,"M",0,"M"
299,1990,430,0,"M",0,"M"
299,1991,430,0,"M",0,"M"
299,1992,430,0,"M",0,"M"
299,1993,430,0,"M",0,"M"
299,1994,430,1587," ",6071," "
299,1995,430,1503," ",7060," "
299,1996,430,1737," ",9534," "
299,1997,430,1101," ",4299," "
299,1998,430,1149," ",2875," "
299,1999,430,1109," ",3391," "
299,2000,430,890," ",3277," "
299,2001,430,926," ",3508," "
299,2002,430,958," ",4126," "
299,2003,430,816," ",3423," "
299,2004,430,882," ",4895," "
299,2005,430,815," ",3582," "
299,2006,430,819," ",4173," "
299,2007,430,589.3," ",3014," "
299,2008,430,567," ",2411," "
299,2009,430,378,"E",2630,"E"
299,2010,430,392," ",1600,"F"
299,2011,430,384,"E",1643,"E"
